Input,Startup,Active,Hit Adv,Block Adv,Cancel,Type,Character
5LP,5,2,+4,-1,Sp SA TC,Normal,A.K.I.
5MP,6,5,+3,-3,Sp SA,Normal,A.K.I.
5HP,12,3,+1,-4,TC,Normal,A.K.I.
5LK,4,3,+3,-3,Sp SA,Normal,A.K.I.
5MK,8,3,+6,-2,-,Normal,A.K.I.
5HK,9,4,+4,-3,Sp SA,Normal,A.K.I.
2LP,4,2,+4,-1,Chn Sp SA,Normal,A.K.I.
2MP,8,3,+1,-3,Sp SA,Normal,A.K.I.
2HP,10,3,HKD +27,-8,-,Normal,A.K.I.
2LK,5,3,+3,-2,Chn,Normal,A.K.I.
2MK,7,3,+5,+1,SA,Normal,A.K.I.
2HK,10,6,0,-3,SA,Normal,A.K.I.
j.LP,5,9,-,-,-,Normal,A.K.I.
j.MP,7,4,-,-,-,Normal,A.K.I.
j.HP,11,6,-,-,-,Normal,A.K.I.
j.LK,5,6,-,-,-,Normal,A.K.I.
j.MK,7,6,-,-,-,Normal,A.K.I.
j.HK,8,8,-,-,-,Normal,A.K.I.
3MP,24,3,+3,-2,-,Normal,A.K.I.
6HP,16,3,+3,-4,SA,Normal,A.K.I.
6HK,14,3(5)3,+4,+2,-,Normal,A.K.I.
j.2HP,9,5,-,-,-,Normal,A.K.I.
5LP~LP,8,2,+1,-3,Sp SA,Normal,A.K.I.
5HP~HP,14,3,KD +34[+54],-15,-,Normal,A.K.I.
214LP,17,-,-5,-10,SA3,Special,A.K.I.
214PP,16,-,KD +45,+1,SA2 SA3,Special,A.K.I.
214LP~6P,13,2,-4 [KD +38],-16(-11),SA3,Special,A.K.I.
214LP~6P,14,6,KD +42,-4,-,Special,A.K.I.
214PP~6P,13,5,-4 [KD +31~44],-13(-10),SA2 SA3,Special,A.K.I.
214PP~6P,14,12,KD +43(+52~57),-2(+4),SA2 SA3,Special,A.K.I.
214MP,26,[160],-,-,-,Special,A.K.I.
214HP,13,3(14)9,KD +40,-4,SA3,Special,A.K.I.
236LP,14,3,+1(+3) [KD +44(46)],-8(-6),SA3,Special,A.K.I.
236MP,17,6,KD +44 [Crumple +69],-12,SA3,Special,A.K.I.
236HP,11,6,KD +44 [KD +53],-20,SA3,Special,A.K.I.
236PP,21,5,+4 [Crumple +71],-14(-11),[TB: SA2 SA3],Special,A.K.I.
214LK,24,2(5)2(4)2(5)2,+1 (KD +38~45),-3,SA3,Special,A.K.I.
214MK,28,2(5)2(4)2(5)2,+3 (KD +38~45),-3,SA3,Special,A.K.I.
214HK,33,2(5)2(4)2(5)2,+4 (KD +41~50),-3,SA3,Special,A.K.I.
214KK,28,3(4)2(4)2(5)2,HKD +42 (+2~3),+2,SA3,Special,A.K.I.
236LK,37 total,-,-,-,-,Special,A.K.I.
236MK,39 total,-,-,-,-,Special,A.K.I.
236HK,43(50~54) total,-,-,-,-,Special,A.K.I.
236KK,42(48~57),-,-,-,-,Special,A.K.I.
2PP,11(28),[185],-,-,-,Special,A.K.I.
2PP~8,-,-,-,-,-,Special,A.K.I.
2PP~P,11+19,15,KD +20(34) [Crumple +67(81)],-25(-11),-,Special,A.K.I.
2PP~K,11+11,3(9)3,+4,-3,SA3 (2nd),Special,A.K.I.
2PP~LPLK,11+23,3,HKD +16,-,-,Special,A.K.I.
5LP,4,3,+4,-1,,Normal,Akuma
5MP,6,4,+4,+1,,Normal,Akuma
5HP,9,5,+3,-3,,Normal,Akuma
5LK,5,3,+2,-4,,Normal,Akuma
5MK,7,5,+3,-3,,Normal,Akuma
5HK,13,3(8)4,+7,+3,,Normal,Akuma
2LP,4,2,+5,-1,,Normal,Akuma
2MP,6,3,+6,-1,,Normal,Akuma
2HP,8,8,0,-8,,Normal,Akuma
2LK,5,2,+3,-3,,Normal,Akuma
2MK,8,3,+1,-6,,Normal,Akuma
2HK,9,3,KD +42,-12,,Normal,Akuma
j.LP,4,10,~+5(+10),~+1(+6),,Normal,Akuma
j.MP,8,4,~+5(+10),~+5(+7),,Normal,Akuma
j.HP,9,6,~+12(+14),~+8(+11),,Normal,Akuma
j.LK,6,10,~+5(+10),~+1(+6),,Normal,Akuma
j.MK,7,6,~+9(+13),~+5(+9),,Normal,Akuma
j.HK,12,6,~+11(+15),~+8(+11),,Normal,Akuma
6MP,20,13,+3,-1,,Normal,Akuma
6MK,10,3,+5,-4,,Normal,Akuma
6HP,13,4,+4,-3,,Normal,Akuma
4HK,12,5,KD +47,-15,,Normal,Akuma
j.2MK,16,13,,,-,Normal,Akuma
5MP~MP,7,3,-1,-6,,Normal,Akuma
5MK~HK,20,3,+1,-3,,Normal,Akuma
6HP~6HP,11,3,KD +39,-10,,Normal,Akuma
6HP~6HP~HK,9,,KD +35,-13,,Normal,Akuma
236LP,16,,0,-4,,Special,Akuma
236MP,14,,-2,-6,,Special,Akuma
236HP,12,,-4,-8,,Special,Akuma
236PP,12,,KD +55,+2,,Special,Akuma
236{LP},30-54,,KD +55,+2,,Special,Akuma
236{MP},30-54,,KD +55,+2,,Special,Akuma
236{HP},31-55,,KD +55,+2,,Special,Akuma
236{PP},23-31,,KD +57,+2,,Special,Akuma
236[LP],56,,KD +57,+5,,Special,Akuma
236[MP],56,,KD +57,+5,,Special,Akuma
236[HP],,,KD +57,+5,,Special,Akuma
236[PP],31,,KD +57,+5,,Special,Akuma
j.236P,13,,,,,Special,Akuma
j.236PP,6,,,,,Special,Akuma
623LP,5,10,KD +38,-22(-23),,Special,Akuma
623MP,6,10,KD +38,-30,,Special,Akuma
623HP,7,11,KD +30,-36,,Special,Akuma
623PP,6,11,KD +14,-39(-41),,Special,Akuma
214LK,12,2,KD +50,-13,,Special,Akuma
214MK,11,,KD +41,-13,,Special,Akuma
214HK,7,,KD +34,-59,,Special,Akuma
214KK,13,,,,,Special,Akuma
j.214K,11,,,,,Special,Akuma
j.214KK,11,,,,,Special,Akuma
214LP,15,3,+1(+2),-8,,Special,Akuma
214MP,19,3,+2(+3),-4,,Special,Akuma
214HP,23,3,+3,-2,,Special,Akuma
214PP,18,3,+1,-3,,Special,Akuma
214LP~6P,9,4,+3,-10,,Special,Akuma
214MP~6P,,,KD +32,-18,,Special,Akuma
214HP~6P,,,KD +47,-14,,Special,Akuma
214PP~6P,,,KD +32,-18,,Special,Akuma
236K,,,,,,Special,Akuma
236KK,,,,,,Special,Akuma
236K~No Input,,,KD +39,+2,,Special,Akuma
236KK~No Input,,,KD +39,+2,,Special,Akuma
236K~P,,,,+4(+7),,Special,Akuma
236KK~P,,,,,,Special,Akuma
236K~K,,,,,,Special,Akuma
236KK~K,,,,,,Special,Akuma
236K~[2],45,,-,-,-,Special,Akuma
236KK~[2],45,,-,-,-,Special,Akuma
236KK~j.236P,,,,,,Special,Akuma
236KK~j.214K,,,,,,Special,Akuma
4KKK,49-50,,-,-,,Special,Akuma
6KKK,51-52,,-,-,,Special,Akuma
6KKK~LPLK,31,3,HKD +20,-,-,Special,Akuma
j.214PP,8,,,,,Special,Akuma
5LP,5,3,+3,-3,Sp SA,Normal,Blanka
5MP,10,3,+3,-4,SA,Normal,Blanka
5HP,10,7,+3,-3,Sp SA,Normal,Blanka
5LK,4,4,+5,-2,Chn Sp SA,Normal,Blanka
5MK,8,3,+4,-2,Sp SA,Normal,Blanka
5HK,7,9,+6,-4,-,Normal,Blanka
2LP,6,3,+4,-2,Chn Sp SA,Normal,Blanka
2MP,9,5,-1,-5,Sp SA,Normal,Blanka
2HP,15,5,0,-5,-,Normal,Blanka
2LK,5,2,+3,-3,Chn,Normal,Blanka
2MK,8,3,+5,-5,Sp SA,Normal,Blanka
2HK,11,4,HKD +25,-12,-,Normal,Blanka
j.LP,4,5,-,-,-,Normal,Blanka
j.MP,7,7,-,-,Sp,Normal,Blanka
j.HP,9,4,-,-,-,Normal,Blanka
8HP,7,3,-,-,-,Normal,Blanka
j.LK,5,6,-,-,-,Normal,Blanka
j.MK,7,6,-,-,-,Normal,Blanka
j.HK,11,6,-,-,-,Normal,Blanka
6MP,20,21,+3,-2,-,Normal,Blanka
6MK,9,3(7)2,+6,-2,-,Normal,Blanka
4MK,9,6,+8,+2,Sp SA,Normal,Blanka
6HP,18,4,KD +18(+21),-15(-12),2PP*,Normal,Blanka
3HP,14,10,KD +29(+38),-18(-9),-,Normal,Blanka
2PP,18,[1~102],-,-,-,Special,Blanka
2PP~P,18+8,7,KD +55,-21,-,Special,Blanka
2PP~K,18~,-,-,-,-,Special,Blanka
6KKK,27(30) total,-,-,-,-,Special,Blanka
4KKK,32(35) total,-,-,-,-,Special,Blanka
214P,10,2(3)2(3)2~,KD +39,-3,SA3,Special,Blanka
214PP,10,2(3)2(3)2~,KD +40,+4,SA2 SA3,Special,Blanka
[4]6LP,10,11,KD +13,-23,SA3,Special,Blanka
[4]6LP,10,12,KD +13,-21,Sp*,Special,Blanka
[4]6MP,12,19,KD +14,-23,SA3,Special,Blanka
[4]6MP,12,19,KD +14,-21,Sp*,Special,Blanka
[4]6HP,22,20,KD +19,-15,SA3,Special,Blanka
[4]6HP,20,22,KD +19,-21,Sp*,Special,Blanka
[4]6PP,18,22,KD +57,-7,SA2 SA3,Special,Blanka
[4]6PP,18,22,KD +57,-7,Sp*,Special,Blanka
j.[4]6P,13,until land,KD +38(+45),-9(-2),-,Special,Blanka
j.[4]6P,13,until land,KD +38(+45),-9(-2),Sp*,Special,Blanka
j.[4]6PP,13,until land,KD +29(+30),+2(+8),-,Special,Blanka
j.[4]6PP,13,until land,KD +29(+30),+2(+8),Sp*,Special,Blanka
[2]8LK,8,19,KD +35,-27,-,Special,Blanka
[2]8LK,8,19,KD +35,-18,Sp*,Special,Blanka
[2]8MK,8,19,KD +42,-27,-,Special,Blanka
[2]8MK,8,19,KD +37,-19,Sp*,Special,Blanka
[2]8HK,8,19,KD +42,-27,-,Special,Blanka
[2]8HK,8,19,KD +42,-19,Sp*,Special,Blanka
[2]8KK,7,8(2)6,KD +28,-40,-,Special,Blanka
[2]8KK,7,8(2)6,KD +27,-40,Sp* (oH),Special,Blanka
63214LK,41,24,+8(+14),+2(+8),-,Special,Blanka
63214LK,41,24,+8(+14),+2(+8),Sp*,Special,Blanka
63214MK,41,27,+7(+14),+1(+8),-,Special,Blanka
63214MK,41,27,+7(+14),+1(+8),Sp*,Special,Blanka
63214HK,41,29,+7(+13),+3(+9),-,Special,Blanka
63214HK,41,29,+7(+13),+3(+9),Sp*,Special,Blanka
63214KK,8(41),5(28)21(1)4,+10(+13) / KD +55,+6(+9),SA2 SA3 (1st),Special,Blanka
63214KK,8(41),5(28)21(1)4,+10(+13) / KD +55,+6(+9),Sp*,Special,Blanka
236LK,34,3,HKD +35,-,-,Special,Blanka
236MK,39,3,HKD +35,-,-,Special,Blanka
236HK,43,3,HKD +35,-,-,Special,Blanka
236KK,32,3,HKD +64,-,-,Special,Blanka
22P,39+35,[1000],-,-,-,Special,Blanka
22P~214P,36,-,KD,-,-,Special,Blanka
22P~214PP,36,-,KD,-,-,Special,Blanka
22P~236236P,26,-,KD,-,-,Special,Blanka
5LP,4,3,+5,-2,Chn Sp SA,Normal,Cammy
5MP,6,4,+6,-1,-,Normal,Cammy
5HP,8,3,+2,-3,Sp SA TC,Normal,Cammy
5LK,5,3,+2,-3,Sp SA,Normal,Cammy
5MK,8,3,+3,-4,-,Normal,Cammy
5HK,11,3,+2,-3,-,Normal,Cammy
2LP,4,2,+5,-2,Chn Sp SA,Normal,Cammy
2MP,7,3,+5,-2,Sp SA,Normal,Cammy
2HP,10,4,+7,+1,-,Normal,Cammy
2LK,5,3,+3,-2,Chn,Normal,Cammy
2MK,8,3,+1,-5,Sp SA,Normal,Cammy
2HK,9,3,HKD +31,-10,-,Normal,Cammy
j.LP,4,10,-,-,-,Normal,Cammy
j.MP,6,8,-,-,Sp SA2,Normal,Cammy
j.HP,8,5,-,-,-,Normal,Cammy
j.LK,4,10,-,-,-,Normal,Cammy
j.MK,7,6,-,-,-,Normal,Cammy
j.HK,10,6,-,-,-,Normal,Cammy
4MP,5,5,+4,-1,Sp SA TC,Normal,Cammy
4HK,9,3,KD +54,-7,Sp SA Jmp,Normal,Cammy
6HK,18,3,KD +26,-12,Sp SA,Normal,Cammy
4MP~HK,9,3,KD +49,-12(-19),Sp SA Jmp,Normal,Cammy
5HP~HK,13,4(12)3,KD +33,-12,Sp SA (both),Normal,Cammy
236LK,9,13,KD +26(+48),-12(0),-,Special,Cammy
236MK,9,15,KD +26(+48),-14(0),-,Special,Cammy
236HK,15,3(1)12,KD +29(+48),-12(-1),SA3 (1st),Special,Cammy
236[HK],27(25),3(1)12,KD +47 Launch,-14,SA3 (4th),Special,Cammy
236KK,13,3(1)12,KD +47 Launch,-14,SA2 SA3,Special,Cammy
623LK,5,12,KD +20,-36,SA3,Special,Cammy
623MK,6,12,KD +21,-36,SA3,Special,Cammy
623HK,7,12,KD +22,-36,SA3,Special,Cammy
623[HK],24(22),12,KD +16,-40,SA3,Special,Cammy
623KK,6,12,KD +16,-40,-,Special,Cammy
214LP,21,4,+2,-3,SA3,Special,Cammy
214MP,24,4,+3,-2,SA3,Special,Cammy
214HP,28,4,+5,+3,SA3,Special,Cammy
214PP,25(28),4,+7,-2,SA2 SA3,Special,Cammy
j.214K,13,11 (until land),-2(+9),-8(+3),-,Special,Cammy
j.214KK,13,12 (until land),0(+9),-4(+5),SA2,Special,Cammy
236P,20(40),-,-,-,-,Special,Cammy
236[HP],40(60),-,-,-,-,Special,Cammy
236PP,20(40),-,-,-,-,Special,Cammy
236P~No Input,50,9,KD +48,+2,SA3,Special,Cammy
236[HP]~No Input,70,9(10)5,KD +48,+2,SA3,Special,Cammy
236PP~No Input,50,9(10)5,KD +48,+2,SA2 SA3,Special,Cammy
236P~K,20+13,until land,-1(+9),-7(+3),-,Special,Cammy
236[HP]~K,40+13,until land,-1(+9),0(+5),-,Special,Cammy
236PP~K,20+13,until land,-1(+9),0(+5),SA2,Special,Cammy
236P~2K,20+18,4,+5(+9),-5(-1),-,Special,Cammy
236[HP]~2K,40+18,4(14)4,+8,-2,-,Special,Cammy
236PP~2K,20+18,4(14)4,+8,-2,SA2,Special,Cammy
236P~LPLK,20+10,3,HKD +18,-,-,Special,Cammy
236[HP]~LPLK,40+10,3,HKD +60 Launch,-,-,Special,Cammy
236PP~LPLK,20+10,3,HKD +60 Launch,-,-,Special,Cammy
236P~P,20~,-,-,-,-,Special,Cammy
236[HP]~P,40~,-,-,-,-,Special,Cammy
236PP~P,20~,-,-,-,-,Special,Cammy
5LP,4,3,+5,-3,SS Chn Sp SA,Normal,Chun-Li
5MP,5,4,+6,+1,SS Sp SA,Normal,Chun-Li
5HP,13,3,+2,-4,SS,Normal,Chun-Li
5LK,5,3,+2,-2,SS Sp SA,Normal,Chun-Li
5MK,7,4,+4,-2,SS Sp SA,Normal,Chun-Li
5HK,14,3,+4,0,SS,Normal,Chun-Li
2LP,4,3,+4,-2,SS Chn Sp SA,Normal,Chun-Li
2MP,6,4,+4,-2,SS Sp SA,Normal,Chun-Li
2HP,11,3(5)5,+1,-3,SS Sp SA (2nd),Normal,Chun-Li
2LK,4,2,0,-2,SS Chn Sp SA,Normal,Chun-Li
2MK,7,3,-2,-6,SS Sp SA,Normal,Chun-Li
2HK,9,6,HKD +33,-7,SS,Normal,Chun-Li
j.LP,4,10,-,-,-,Normal,Chun-Li
j.MP,7,4(6)5,-,-,Sp SA1,Normal,Chun-Li
j.HP,9,6,-,-,TC,Normal,Chun-Li
j.LK,4,8,-,-,-,Normal,Chun-Li
j.MK,6,5,-,-,-,Normal,Chun-Li
7HK or 9HK,8,5,-,-,-,Normal,Chun-Li
8HK,8,7,-,-,-,Normal,Chun-Li
4/6MP,7,3,+2,-3,SS Sp SA,Normal,Chun-Li
4HP,8,6,+5,-1,SS Sp SA,Normal,Chun-Li
3HP,21,4,+1,-2,SS,Normal,Chun-Li
6HK,16,2,-1,-4,SS,Normal,Chun-Li
3HK,37,2,+7,+3,-,Normal,Chun-Li
j.2MK,3,11,-,-,TC Sp SA,Normal,Chun-Li
j.HP~j.HP,6,4,-,-,-,Normal,Chun-Li
j.2MK~j.2MK,6,11,-,-,TC Sp SA,Normal,Chun-Li
j.2MK~j.2MK~j.2MK,6,11,-,-,Sp SA,Normal,Chun-Li
9 (against wall),-,-,-,-,-,Special,Chun-Li
[4]6LP,15,[90],-3,-7,SA3,Special,Chun-Li
[4]6MP,12,[55],-3,-7,SA3,Special,Chun-Li
[4]6HP,11,[25],-2,-6,SA3,Special,Chun-Li
[4]6PP,11,-,+5,0,SA2 SA3,Special,Chun-Li
236LK,8,2(5)2(5)2,+3,-8,SA3 (2nd),Special,Chun-Li
236MK,14,2(4)2(4)2(5)2,+3,-8,SA3 (3rd),Special,Chun-Li
236HK,23,2(3)2(2) 2(4)2(6)2,KD +50,-3,SA3 (4th),Special,Chun-Li
236KK,8,2(4)2(4) 2(4)2(4)2,+3,-3,SA2 SA3 (5th),Special,Chun-Li
236KK~KK,11,2(5)2(4) 2(5)2(13)3,KD +29,-13,-,Special,Chun-Li
j.236LK,8,2(4)2(4)2,-4(+1),-7(-2),-,Special,Chun-Li
j.236MK,10,2(4)2(4)2(5)2,-4(+1),-8(-3),-,Special,Chun-Li
j.236HK,12,2(4)2(3) 2(4)2(3)2,-5(-2),-9(-6),-,Special,Chun-Li
j.236KK,6,2(4)2(2)2(3) 2(2)2(3)2,KD +21 (+27~31),-32(-16),-,Special,Chun-Li
[2]8LK,9,2(6)2(6)2,KD +33,-18,-,Special,Chun-Li
[2]8MK,16,2(6)2(6) 2(7)2(4)2,KD +34,-17,-,Special,Chun-Li
[2]8HK,21,2(4)2(8)2(6) 2(5)2(5)2(3)2,KD +33,-18,-,Special,Chun-Li
[2]8KK,16,2(4)2(4)2(5) 2(4)2(5)2(4)2,KD +55(+41),-12,-,Special,Chun-Li
214LK,23,2,0,-9,SA3,Special,Chun-Li
214MK,27,3,+2,-3,SA3,Special,Chun-Li
214HK,32,3,+6,-1,SA3,Special,Chun-Li
214KK,26,3,KD +52 OTG,-5,SA2 SA3,Special,Chun-Li
22LK,5,2(10)2,KD +29,-37,-,Special,Chun-Li
22MK,7,2(10)2,KD +25,-41,-,Special,Chun-Li
22HK,9,2(8)2(8)2(11)2,KD +37,-57,-,Special,Chun-Li
22KK,6,3(5)3,KD +30,-40,-,Special,Chun-Li
5LP,4,3,+4,-1,Chn Sp SA TC,Normal,Dee_Jay
5MP,7,3,+5,+2,TC,Normal,Dee_Jay
5HP,9,6,+3(+8),-4(+1),Sp SA (close),Normal,Dee_Jay
5LK,5,2,+2,-2,Sp SA,Normal,Dee_Jay
5MK,9,3,+6,-1,-,Normal,Dee_Jay
5HK,12,3,+1,-5,-,Normal,Dee_Jay
2LP,5,3,+4,-1,Chn Sp SA,Normal,Dee_Jay
2MP,6,4,+4,-1,Sp SA,Normal,Dee_Jay
2HP,8,2,+6,-2,-,Normal,Dee_Jay
2LK,5,2,+2,-2,Chn,Normal,Dee_Jay
2MK,8,4,KD +29,-6,-,Normal,Dee_Jay
2HK,14,10,HKD +33(+42),-11(-2),-,Normal,Dee_Jay
j.LP,4,7,-,-,-,Normal,Dee_Jay
j.MP,6,4,-,-,TC,Normal,Dee_Jay
j.HP,9,6,-,-,-,Normal,Dee_Jay
j.LK,4,6,-,-,-,Normal,Dee_Jay
j.MK,8,6,-,-,-,Normal,Dee_Jay
j.HK,10,5,-,-,-,Normal,Dee_Jay
6MK,19(21),5,+5(+6),+1(+2),SA,Normal,Dee_Jay
4HK,7,24,+1,-5,Sp SA,Normal,Dee_Jay
j.2LK,6,until land,+5(+9),+2(+8),-,Normal,Dee_Jay
5LP~MK,9,3,+2 (Whiff -17),-3 (Whiff -22),TC,Normal,Dee_Jay
5LP~MK~MK,14,3,+2,-8,-,Normal,Dee_Jay
5MP~HP,11,7,-2(+2),-11(-7),TC,Normal,Dee_Jay
5MP~HP~HK,13,3,KD +34,-13,SA,Normal,Dee_Jay
5MP~MP,12,2,+2,-2,TC,Normal,Dee_Jay
5MP~MP~HP,20,2,KD +43,-8,-,Normal,Dee_Jay
5MP~MP~4HP,-,-,-4,-6,-,Normal,Dee_Jay
j.MP~HP,8,7,-,-,-,Normal,Dee_Jay
[4]6LP,-,-,-,-,-,Special,Dee_Jay
[4]6MP,17,-,0,-5,SA3 22PP,Special,Dee_Jay
[4]6HP,17(34),-,+3,-3,SA3 22PP,Special,Dee_Jay
[4]6PP,10(23),[11(1)~],+5 (KD +69),+2,SA2 SA3,Special,Dee_Jay
[2]8LK,23,-,-,-,-,Special,Dee_Jay
[2]8MK,6,3(10)4,KD +41,-32,-,Special,Dee_Jay
[2]8HK,6,4(8)5(8)4,KD +42(+37),-44,-,Special,Dee_Jay
[2]8KK,6,6(7)3(9)3,KD +23,-55,-,Special,Dee_Jay
236LK,-,-,-,-,-,Special,Dee_Jay
236MK,12,3,KD +34,-6(-4),SA3,Special,Dee_Jay
236HK,15,3(18)4,+2,-10,SA3 (1st),Special,Dee_Jay
236KK,19,2(9)3,KD +39,-2,SA2 SA3 (2nd),Special,Dee_Jay
214LP,15,4,KD +34,-19,SA3,Special,Dee_Jay
214MP,22,4,KD +32,-19,SA3,Special,Dee_Jay
214HP,28,4,KD +40,-19,SA3,Special,Dee_Jay
214PP,28,4,HKD +23,-19,SA2 SA3,Special,Dee_Jay
214K,13,-,-,-,-,Special,Dee_Jay
214K~LK,13+12,3,+2,-3,SA3,Special,Dee_Jay
214K~MK,13+25,3,HKD +27(+28),+1,-,Special,Dee_Jay
214K~HK,13+15,5,KD +45,-10,SA3,Special,Dee_Jay
214K~6P,13,-,-,-,-,Special,Dee_Jay
214K~6P~4P,13+17,-,-,-,-,Special,Dee_Jay
214KK,8,5,KD +33,-22,-,Special,Dee_Jay
214KK~LK,25+9,3,+6,-2,SA2 SA3,Special,Dee_Jay
214KK~MK,25+19,5,+5(+7),-4(-2),-,Special,Dee_Jay
214KK~HK,25+11,5,KD +55(+57),-8,SA2 SA3,Special,Dee_Jay
214KK~6P,19,-,KD +40,-15,-,Special,Dee_Jay
214KK~6P~4P,19+16,-,KD +24,-31,-,Special,Dee_Jay
22PP,88 minimum,-,-,-,-,Special,Dee_Jay
22PP,95(168) minimum,-,-,-,-,Special,Dee_Jay
5LP,4,3,+4,-1,Chn Sp SA,Normal,Dhalsim
5MP,14,3,-2,-5,-,Normal,Dhalsim
5HP,16,4,-6,-11,-,Normal,Dhalsim
5LK,9,4,+2,-6,Sp SA,Normal,Dhalsim
5MK,12,3,-2,-6,-,Normal,Dhalsim
5HK,17,3,+3,-6,Sp SA,Normal,Dhalsim
2LP,5,3,+4,-1,Chn Sp SA,Normal,Dhalsim
2MP,12,3,0,-4,Sp SA,Normal,Dhalsim
2HP,19,4,-1,-12,-,Normal,Dhalsim
2LK,4,7,-5(+1),-10(-4),-,Normal,Dhalsim
2MK,10,13,-3(+9),-10(+2),-,Normal,Dhalsim
2HK,12,16,HKD +22(+37),-16(-1),-,Normal,Dhalsim
j.LP,4,4,-,-,-,Normal,Dhalsim
j.MP,9,6,-,-,Sp,Normal,Dhalsim
j.HP,13,4,-,-,-,Normal,Dhalsim
j.LK,6,4,-,-,-,Normal,Dhalsim
j.MK,11,6,-,-,-,Normal,Dhalsim
j.HK,10,10,-,-,-,Normal,Dhalsim
4MP,8,6,+2,-3,Sp SA,Normal,Dhalsim
4HP,14,7,-9,-16,Sp SA,Normal,Dhalsim
4MK,7,4,+3,0,Sp SA,Normal,Dhalsim
4HK,14,6,0,-9,-,Normal,Dhalsim
1HP,10,4,+3,-3,Sp SA,Normal,Dhalsim
1LK,5,3,+1,-5,Chn,Normal,Dhalsim
1MK,8,3,-3,-7,Sp SA,Normal,Dhalsim
1HK,9,3,HKD +33,-7,-,Normal,Dhalsim
j.2LP,10,until land,-18(+8),-22(+4),Sp,Normal,Dhalsim
j.2LK,9,until land,-23(+12),-30(+5),-,Normal,Dhalsim
j.2MK,9,until land,-15(+10),-20(+5),-,Normal,Dhalsim
j.2HK,9,until land,-17(+10),-22(+5),-,Normal,Dhalsim
236P,15(11),-,-2,-6,SA3,Special,Dhalsim
236[P],43,-,KD +49,-3,SA3,Special,Dhalsim
236PP,13,-,KD +49,-3,SA2 SA3,Special,Dhalsim
236LK,18,[81+10],+1,-1,SA3,Special,Dhalsim
236KK,18,[190+10],+1,-3,SA2 SA3,Special,Dhalsim
63214LP,16,15,KD +33,-4,SA3,Special,Dhalsim
63214MP,20,15,KD +33,-4,SA3,Special,Dhalsim
63214HP,26,17,KD +45(+47),-4(-2),SA3,Special,Dhalsim
63214PP,18,55555,KD +50,-11,SA2 SA3,Special,Dhalsim
63214LK,12,10,KD +39,-6,SA3,Special,Dhalsim
63214MK,15,10,KD +42,-3,SA3,Special,Dhalsim
63214HK,15,10,KD +42,-3,SA3,Special,Dhalsim
63214KK,12,10,KD +42,0,SA2 SA3,Special,Dhalsim
j.63214LP,30,[~55],-4~,-2~,-,Special,Dhalsim
j.63214PP,30,[~80],+5~,+6~,-,Special,Dhalsim
2KK or 3KK,36,(85),-,-,-,Special,Dhalsim
j.2KK,15,(81),-,-,-,Special,Dhalsim
4 or 6 + PPP/KKK,4,-,-,-,-,Special,Dhalsim
4 or 6 + j.PPP/j.KKK,9,-,-,-,-,Special,Dhalsim
5LP,4,3,+4,-1,Chn Sp SA,Normal,Ed
5MP,7,3,+6,-1,Sp SA TC,Normal,Ed
5HP,10,4,+5,-2,Sp SA,Normal,Ed
5LK,6,2,+3,-3,TC,Normal,Ed
5MK,10,2,0,-5,Sp SA TC,Normal,Ed
5HK,10,3,+8,+3,Sp SA,Normal,Ed
2LP,4,3,+3,-5,Chn,Normal,Ed
2MP,8,3,+2,-6,Sp SA,Normal,Ed
2HP,10,4,HKD +30,-12,-,Normal,Ed
2LK,5,2,+3,-4,Sp SA,Normal,Ed
2MK,9,2,+8,-1,Sp SA,Normal,Ed
2HK,12,2,+1,-4,Sp SA TC,Normal,Ed
j.LP,5,5,-,-,-,Normal,Ed
j.MP,8,6,-,-,-,Normal,Ed
j.HP,9,4,-,-,-,Normal,Ed
j.LK,8,3,-,-,-,Normal,Ed
j.MK,10,2,-,-,-,Normal,Ed
j.HK,8,2,-,-,-,Normal,Ed
5[HP],30+9,1~15,Crumple +76 (+12 ground),-2(+2),6KK*,Normal,Ed
5[HP],60+9,1~15,Crumple +76 (+12 ground),+4,6KK*,Normal,Ed
6HP,17,3,+1,-3,-,Normal,Ed
5LK~LK,7,3,+3,-3,TC,Normal,Ed
5LK~LK~LK,7,3,+1,-8,-,Normal,Ed
5MP~HP,13,2,KD +38,-8(-23),Sp* SA,Normal,Ed
5MK~MK,7,2,0(-15),-6(-20),TC,Normal,Ed
5MK~MK~HP,11,5,KD +35,-11,-,Normal,Ed
2HK~HP,12,5,KD +34,-8,SA,Normal,Ed
236P,14,12,+3,-5,6P* SA3,Special,Ed
236PP,14,12,KD +43,-2,6P* SA2 SA3,Special,Ed
236P~6P,12,-,+3,-8,SA3,Special,Ed
236PP~6P,12,-,KD +46~,-2,SA2 SA3,Special,Ed
623LP,10,8,KD +38,-13,SA3,Special,Ed
623MP,14,6,KD +39,-20,SA3,Special,Ed
623HP,16,6,KD +38,-21,SA3,Special,Ed
623PP,13,6,KD +18,-28,-,Special,Ed
214LP,11,3(3)3(6)4,+3,-5,SA3,Special,Ed
214MP,13,2(7)3(9)3,KD +39,-12,SA3,Special,Ed
214HP,15,2(11)2(6)2,KD +40,-12,SA3,Special,Ed
214PP,13,1(4)1(3)1(3) 1(3)1(3)1(8)2,KD +42,-3,SA2 SA3,Special,Ed
236LK,11+5,4,+1,-6,SA3,Special,Ed
236[LK],26+5,5,KD +61,+4,SA3 (1st),Special,Ed
236MK,15+5,4,+3,-6,SA3,Special,Ed
236[MK],30+5,5,KD +61,+4,SA3 (1st),Special,Ed
236HK,12+5,8,KD +51(+63),-,SA3,Special,Ed
236[HK],30+5,10,KD +56(68),-,SA3 (1st),Special,Ed
236KK,25,4,KD +61,+4,SA2 SA3 (1st),Special,Ed
4KK,-,-,-,-,-,Special,Ed
5/6KK,-,-,-,-,6P*,Special,Ed
5/6KK~6P,11+11,3,KD +38,-4,SA3,Special,Ed
5/6KK~dl.6P,13+11,3,KD +50,-6,SA3,Special,Ed
5LP,5,3,+4,-1,Sp SA TC,Normal,E.Honda
5MP,10,4,+6,+1,Sp SA TC,Normal,E.Honda
5HP,8(9),7,-1(+2),-6(-3),Sp SA,Normal,E.Honda
5LK,4,2,+5,-1,Sp SA,Normal,E.Honda
5MK,10,4,+4,-3,-,Normal,E.Honda
5HK,8,2(1)4,-1,-5(-11),Sp SA,Normal,E.Honda
2LP,4,3,+4,-1,Chn Sp SA,Normal,E.Honda
2MP,8,4,+3,-3,Sp SA,Normal,E.Honda
2HP,11,4,+3(+5),-3(-1),Sp*,Normal,E.Honda
2LK,5,2,+3,-3,Chn,Normal,E.Honda
2MK,9,3,+6,-2,-,Normal,E.Honda
2HK,11,3(6)5,HKD +30(+39),-10(-1),-,Normal,E.Honda
j.LP,5,6,-,-,-,Normal,E.Honda
j.MP,6,8,-,-,-,Normal,E.Honda
j.HP,9,4,-,-,-,Normal,E.Honda
8HP,10,8,-,-,-,Normal,E.Honda
j.LK,6,6,-,-,-,Normal,E.Honda
j.MK,9,6,-,-,-,Normal,E.Honda
j.HK,10,8,-,-,-,Normal,E.Honda
6HK,14,3,+1,-5,-,Normal,E.Honda
3HK,22,6,+3,-3,kara,Normal,E.Honda
j.2MK,11,9,-,-,-,Normal,E.Honda
5LP~MP,4,4,KD +34,-10,Sp SA,Normal,E.Honda
5MP~3HK,22,6,+3,-3,kara,Normal,E.Honda
22K,51,-,-,-,-,Special,E.Honda
214LP,12,2(4)2(2)1(2)2(1)1(1)2 [2(4)2(2)1(1)2(1)1(10)2],+2[+4],-4,SA3,Special,E.Honda
214MP,18,2(4)2(1)1(3)1(2)1(3)1(3)1(2)1(2)2 [2(4)2(2)1(3)1(2)1(4)1(1)1(14)2],+2[+4],-8,SA3,Special,E.Honda
214HP,21,2(4)2(3)1(3)1(3)1(3)1(3)1(3)1(2)1(2)1(2)1(1)2 [2(4)2(3)1(3)1(3)1(3)1(3)1(3)1(1)1(1)1(14)2],+2[+4],-8,SA3,Special,E.Honda
214PP,19,4(6)2(3)2(3)2(4)2(2)2(2)2(2)2(1)2 [4(6)2(3)2(3)2(4)2(1)2(1)1(1)1(10)2],+4[+6],-3,SA2 SA3,Special,E.Honda
[4]6LP,10,1~22,KD +40,-4,SA3,Special,E.Honda
[4]6MP,10,1~24,KD +40,-4,SA3,Special,E.Honda
[4]6HP,14,1~34,KD +40,-4,SA3,Special,E.Honda
[4]6PP,9,"5,1~30",KD +36(+37),-20,-,Special,E.Honda
[2]8LK,11(45),4(26)8,HKD +23[+27],+1,-,Special,E.Honda
[2]8MK,11(42),4(24)7,HKD +23[+27],+1,-,Special,E.Honda
[2]8HK,11(39),4(22)6,HKD +23[+27],+1,-,Special,E.Honda
[2]8KK,6(36),12(13)9,HKD+23[+27],+1,-,Special,E.Honda
63214LK,7,3,HKD +7,-,-,Special,E.Honda
63214MK,7,3,HKD +7,-,-,Special,E.Honda
63214HK,7,3,HKD +7,-,-,Special,E.Honda
63214KK,7,3,HKD +7,-,-,Special,E.Honda
236K,14,-,-,-,-,Special,E.Honda
236KK,13(11),-,-,-,-,Special,E.Honda
236K~P,9,3(13)3,KD +42,-3,SA3,Special,E.Honda
236KK~P,9,3(13)3,+3,+2,SA2 SA3,Special,E.Honda
236K~P~P,14,3,KD +22,-24,-,Special,E.Honda
236KK~P~P,14,3,KD +54,-24,-,Special,E.Honda
236K~2P,12,2(17)3,KD +64,-22,SA3,Special,E.Honda
236KK~2P,12,2(17)3,KD +64,-22,SA2 SA3,Special,E.Honda
22P,11,5,+3(+7),-3(+1),Sp* SA3,Special,E.Honda
5LP,5,3,+4,-2,Chn Sp SA,Normal,Guile
5MP,7,3,+6,0,Sp SA TC,Normal,Guile
5HP,7,3,-1,-6,Sp SA,Normal,Guile
5LK,5,2,+3,-1,Sp SA,Normal,Guile
5MK,7,5,+1,-4,-,Normal,Guile
5HK,13,3,+3,-4,SA,Normal,Guile
2LP,4,3,+5,-2,Chn Sp SA,Normal,Guile
2MP,6,3,+4,-2,Sp SA TC,Normal,Guile
2HP,9,5,0,-9,-,Normal,Guile
2LK,5,2,+1,-5,Chn,Normal,Guile
2MK,8,3,+4,-5,TC,Normal,Guile
2HK,9,2(16)3,HKD +34,-12,TC,Normal,Guile
j.LP,4,10,-,-,-,Normal,Guile
j.MP,7,3,-,-,-,Normal,Guile
j.HP,9,4,-,-,-,Normal,Guile
j.LK,6,10,-,-,-,Normal,Guile
j.MK,7,7,-,-,-,Normal,Guile
j.HK,10,5,-,-,-,Normal,Guile
6MP,20,3,+2,-3,-,Normal,Guile
6HP,16,3,+5,+3,-,Normal,Guile
4HP,9,3,+1,-4,Sp SA,Normal,Guile
4LK,8,5,0(+4),-4(0),-,Normal,Guile
4MK or 6MK,11,3,+3,-6,-,Normal,Guile
6HK,17,3,-1,-8,-,Normal,Guile
3HK,10,3,0,-9,Sp SA,Normal,Guile
5MP~4HP,16,3,KD +35,-9,Sp SA kara,Normal,Guile
2MP~2MP,12,3,KD +44,-6,Sp SA,Normal,Guile
2MK~6MP,20,3,+1,-5,-,Normal,Guile
2HK~3HK,10,3,KD +33,-10(-30),Sp SA,Normal,Guile
[4]6LP,10,-,+3(+4),-3,SA3,Special,Guile
[4]6MP,10,-,+3(+4),-3,SA3,Special,Guile
[4]6HP,10,-,+3(+4),-3,SA3,Special,Guile
[4]6PP,10,-,KD +48,+3,SA2 SA3,Special,Guile
[2]8LK,5,6,KD +36,-30,SA3,Special,Guile
[2]8MK,6,6,KD +37,-31,SA3,Special,Guile
[2]8HK,7,6,KD +39,-32,SA3,Special,Guile
[2]8KK,6,42,KD +29,-33(-37),-,Special,Guile
214LP,16,[45],-3,-4,SA3,Special,Guile
214MP,21,[85],-6,-7,SA3,Special,Guile
214HP,31,[100],+1,-1,SA3,Special,Guile
214P ~ 6P,10,-,KD +44~,-1,SA3,Special,Guile
214P ~ 6PP,10,-,KD +48~,+3,SA2 SA3,Special,Guile
214PP,15,[100],KD +53,-4,SA2 SA3,Special,Guile
214PP ~ 6P,10,-,KD +47,-3,SA2* SA3,Special,Guile
214PP ~ 6PP,10,-,KD Spin + Splat,+3,SA2 SA3,Special,Guile
PP,11,-,+2,-2,-,Special,Guile
[4]6P~P,11,-,+2,-2,-,Special,Guile
[4]6PP~P,11,-,KD +54~,+3,-,Special,Guile
5LP,5,2,+5,0,Sp SA,Normal,Jamie
5LP,5,3,+2,-3,Sp SA TC,Normal,Jamie
5MP,8,4,+5,+2,-,Normal,Jamie
5HP,5,1(1)1(4)3,+1(+3),-3(-1),Sp SA (2nd),Normal,Jamie
5LK,5,2,+3,-1,Chn Sp SA,Normal,Jamie
5MK,10,3,+2,-3,Sp SA,Normal,Jamie
5HK,15,3,+1,-5,Sp SA,Normal,Jamie
2LP,4,2,+5,-1,Chn Sp SA,Normal,Jamie
2MP,6,3,+5,-1,Sp SA,Normal,Jamie
2HP,9,5,0,-8,Sp SA,Normal,Jamie
2LK,5,2,+1,-3,Chn,Normal,Jamie
2MK,7,3,-1,-6,Sp SA,Normal,Jamie
2HK,9,2(2)3,HKD +33,-10,TC,Normal,Jamie
j.LP,5,9,-,-,-,Normal,Jamie
j.MP,7,4,-,-,Sp,Normal,Jamie
j.HP,10,6,-,-,-,Normal,Jamie
j.LK,6,6,-,-,-,Normal,Jamie
j.MK,7,6,-,-,-,Normal,Jamie
j.HK,8,3(5)4,-,-,-,Normal,Jamie
2KK,9,3,KD +53 Launch,-8,Jmp,Normal,Jamie
6MK,22,3,+1,-3,-,Normal,Jamie
6MK,22,3,+1,-3,TC,Normal,Jamie
4HP,18,4,+1,-3,SA,Normal,Jamie
4HP,18,4,+1,-3,SA TC,Normal,Jamie
6HK,16,3,+3,-3,SA,Normal,Jamie
6HK,16,4,+3,-3,SA TC,Normal,Jamie
2HK~HK,12,3,KD +22(23),-28,TC,Normal,Jamie
2HK~HK~P,-,-,KD +4(5),-46,-,Normal,Jamie
5LP~LK,6,2,-3,-8,TC,Normal,Jamie
5LP~LK~MP,8,3,-2,-10,Sp SA,Normal,Jamie
6MK~MK,15,3(5)2,KD +31,-14,TC,Normal,Jamie
6MK~MK~P,-,-,KD -1 (DL3: KD +2),-46 (DL3: -43),-,Normal,Jamie
4HP~HP,21,4,+1,-11,SA TC,Normal,Jamie
4HP~HP~HK,21,3,KD +23,-20,-,Normal,Jamie
6HK~4HK,-,-,-,-,TC,Normal,Jamie
6HK~4HK~P (close),(25~45)+17,4,KD +32,-12,Sp SA,Normal,Jamie
6HK~4HK~P (mid),(51~75)+4,2(8)2(11)2,KD +35,-9,Sp SA,Normal,Jamie
6HK~4HK~P (far),(76~100)+Drink,-,-,-,-,Normal,Jamie
22P,48,-,-,-,-,Special,Jamie
22P (hold),92(90),-,-,-,-,Special,Jamie
22P (hold),141(139),-,-,-,-,Special,Jamie
22P (hold),188,-,-,-,-,Special,Jamie
22P (activation),1,-,-,-,-,Special,Jamie
236LP,13,2,-1,-6,SA3,Special,Jamie
236LP,13,2(9)3,+1,-3,SA3,Special,Jamie
236MP,16,2,-1,-6,SA3,Special,Jamie
236MP,16,2(9)3,+1,-3,SA3,Special,Jamie
236HP,19,2,-1,-6,SA3,Special,Jamie
236HP,19,2(9)3,+1,-3,SA3,Special,Jamie
236PP,13,2,0,-3,SA2 SA3,Special,Jamie
236PP,13,2(9)3,+3,-3,SA2 SA3,Special,Jamie
236LP~6P,13 [33],2,-3,-13,-,Special,Jamie
236LP~6P,15 [48],2(5)2,-2,-10,-,Special,Jamie
236MP~6P,16 [39],2,-3,-11,-,Special,Jamie
236MP~6P,15 [51],2(5)2,-2,-10,-,Special,Jamie
236HP~6P,19 [45],2,-3,-9,-,Special,Jamie
236HP~6P,15 [54],2(5)2,-2,-10,-,Special,Jamie
236PP~6P,13 [34],2,-3,-9,-,Special,Jamie
236PP~6P,15 [48],2(5)2,-2,-10,-,Special,Jamie
236LP~6P~6P,13 [53],2,KD +27,-17,-,Special,Jamie
236LP~6P~6P,16 [78],2(4)2(14)3,KD +27,-14,-,Special,Jamie
236MP~6P~6P,16 [62],2,KD +27,-15,-,Special,Jamie
236MP~6P~6P,16 [81],2(4)2(14)3,KD +27,-14,-,Special,Jamie
236HP~6P~6P,19 [71],2,KD +27,-13,-,Special,Jamie
236HP~6P~6P,16 [84],2(4)2(14)3,KD +27,-14,-,Special,Jamie
236PP~6P~6P,13 [53],2,KD +28,-13,-,Special,Jamie
236PP~6P~6P,16 [78],2(4)2(14)3,KD +28,-14,-,Special,Jamie
236LP~6K,14,2,-7,-15,-,Special,Jamie
236MP~6K,17,2,-7,-15,-,Special,Jamie
236HP~6K,20,2,-7,-15,-,Special,Jamie
236PP~6K,14,2,-7,-15,-,Special,Jamie
236LP~6K~6K,18,2,KD -1 (DL3: KD +23),-49 (DL3 -25),-,Special,Jamie
236MP~6K~6K,21,2,KD -1 (DL3: KD +22),-49 (DL3 -26),-,Special,Jamie
236HP~6K~6K,24,2,KD -1 (DL3: KD +22),-49 (DL3 -26),-,Special,Jamie
236PP~6K~6K,18,2,KD +1 (DL3: KD +24),-49 (DL3 -26),-,Special,Jamie
214LP,17,9,KD +39(+47),-6(+2),SA3,Special,Jamie
214MP,20,9,KD +39(+47),-6(+2),SA3,Special,Jamie
214HP,25,9,KD +42(+50),-3(+5),SA3,Special,Jamie
214PP,20,9,KD +73(+81) Tumble,-1(+7),SA2 SA3,Special,Jamie
214P~6P,19,3,KD +20(+19),-23,SA3,Special,Jamie
214PP~6P,19,3,KD +20,-23,SA2 SA3,Special,Jamie
623LK,5,7,KD +42,-44,-,Special,Jamie
623MK,8,7,KD +34,-43,-,Special,Jamie
623HK,10,7,KD +39,-43,-,Special,Jamie
623KK,6,7,KD +40,-43,-,Special,Jamie
j.214K,11,1(2)until land,KD +42(+52),-8(+2),-,Special,Jamie
j.214KK,11,1(2)until land,KD +58(+65),-4(+3),-,Special,Jamie
236LK,18,2(2)3(4)2(11)2,KD +42,-12,SA3,Special,Jamie
236MK,22,2(1)2(3)2(5)2(12)2(5)2,KD +35,-16,SA3,Special,Jamie
236HK,26,2(6)2(6)2(6) 2(13)2(7)2(15)2,KD +34,-17,SA3,Special,Jamie
236KK,21,3(3)2(8)2(3)2(7)2(7) 2(12)2(11)2(4)2(4)2,KD +12,-46,SA2 SA3,Special,Jamie
63214K,8,2,+8,-,-,Special,Jamie
63214KK,8,2,HKD +86 Crumple,-,-,Special,Jamie
5LP,6,3,+4,-2,Chn Sp SA,Normal,JP
5MP,12,3,+1,-6,-,Normal,JP
5HP,12,2,+3,-3,Sp SA,Normal,JP
5LK,5,3,+3,-2,Sp SA,Normal,JP
5MK,8,3,+1,-3,Sp SA,Normal,JP
5HK,12,4,+7,+2,TC,Normal,JP
2LP,4,2,+4,-1,Chn Sp SA,Normal,JP
2MP,7,4,+6,-2,Sp SA,Normal,JP
2HP,9,6,+1,-6,Sp SA,Normal,JP
2LK,6,2,+2,-2,Chn,Normal,JP
2MK,9,3,+3,-3,-,Normal,JP
2HK,10,3,HKD +27,-6,-,Normal,JP
j.LP,5,10,-,-,-,Normal,JP
j.MP,12,3,-,-,-,Normal,JP
j.HP,9,5,-,-,-,Normal,JP
j.LK,6,8,-,-,-,Normal,JP
j.MK,7,6,-,-,-,Normal,JP
j.HK,11,6,-,-,-,Normal,JP
4MP,8,3,+5,-1,Sp SA TC,Normal,JP
6MK,22,2,+3,-3,-,Normal,JP
3HP,16,3,HKD +17,-14,-,Normal,JP
6HK,11,24,KD +38,-5(-8),Sp SA (2nd),Normal,JP
4MP~MP,10,3,+3,-6,Sp SA,Normal,JP
5HK~HP,20,3,+3,-3,Sp SA TC,Normal,JP
5HK~HP~HP,21,3,+3,-4,-,Normal,JP
5HK~HP~HK,21,3,+3,-4,-,Normal,JP
22P,22,10,KD +44,-2,SA3,Special,JP
22PP,20,1010,KD +53(+50),+3,SA2 SA3,Special,JP
236LP,16,33,KD +38,-10,SA3,Special,JP
236MP,20,3(1)3,KD +42,-8,SA3,Special,JP
236HP,28,3(9)3,KD +67(+87),+4,SA3,Special,JP
236PP,22,3(6)3,KD +67(+87),+2,SA2 SA3,Special,JP
214P,50+100,[10],KD ~,-,-,Special,JP
214PP,40+70,[10(20)10],KD ~,-,-,Special,JP
214P~214LP/MP,6,[20],-,-,-,Special,JP
214P~214HP,19(21),[10],KD +58(+60),+9(+11),-,Special,JP
214PP~214HP,19(21),[10(20)10],KD +92,+39(+40),-,Special,JP
236LK,14+8,6,KD +42~,-6~,SA3,Special,JP
236MK,14+12,6,+6~,-8~,SA3,Special,JP
236HK,14+12,6,+6~,-8~,SA3,Special,JP
236KK,22,6(14)6,KD +66~,+25~,-,Special,JP
236[K],34 total,-,-,-,-,Special,JP
214K,26~,3,HKD +18,-,-,Special,JP
214KK,26~,3,HKD +18,-,-,Special,JP
22K,3,18,-,-,-,Special,JP
22K (Bomb),59,10,KD ~,-,-,Special,JP
22KK,1,20,-,-,-,Special,JP
22KK (Bomb),59,10(32)10,KD ~,-,-,Special,JP
5LP,4,4,+5,-2,Chn Sp SA,Normal,Juri
5LP (FSE Chain),4,4,+5,-2,Chn Sp SA,Normal,Juri
5MP,6,4,+7,+2,Sp SA TC,Normal,Juri
5MP (FSE Chain),6,4,+7,+2,Chn Sp SA,Normal,Juri
5HP,10,3,-1,-5,Sp SA,Normal,Juri
5HP (FSE Chain),10,3,KD +29,-5,Chn Sp SA,Normal,Juri
5LK,5,3,+2,-3,Sp SA,Normal,Juri
5LK (FSE Chain),5,3,+2,-3,Chn Sp SA,Normal,Juri
5MK,5(8),2(1)3,+3,-4,Sp SA (1st),Normal,Juri
5MK (FSE Chain),5(8),2(1)3,+3,-4,Chn Sp SA,Normal,Juri
5HK,17,4,+2(+5),-3(0),-,Normal,Juri
5HK (FSE Chain),17,4,KD +34,-3,Chn Sp SA,Normal,Juri
2LP,4,3,+4,-1,Chn Sp SA,Normal,Juri
2LP (FSE Chain),4,3,+4,-1,Chn Sp SA,Normal,Juri
2MP,6,4,+5,-2,Sp SA,Normal,Juri
2MP (FSE Chain),6,4,+5,-2,Chn Sp SA,Normal,Juri
2HP,8,4,+3,-11,Sp SA,Normal,Juri
2HP (FSE Chain),8,4,KD +34,-11,Sp SA Jmp,Normal,Juri
2LK,5,3,+3,-1,Chn,Normal,Juri
2LK (FSE Chain),5,3,+3,-1,Chn Sp SA,Normal,Juri
2MK,8,3,+1,-6,Sp SA,Normal,Juri
2MK (FSE Chain),8,3,+1,-6,Chn Sp SA,Normal,Juri
2HK,10,3,HKD +32,-11,-,Normal,Juri
2HK (FSE Chain),10,3,HKD +32,-11,Sp SA,Normal,Juri
j.LP,5,6,-,-,-,Normal,Juri
j.LP (FSE Chain),5,6,KD,-,Chn Sp,Normal,Juri
j.MP,7,5,-,-,Sp,Normal,Juri
j.MP (FSE Chain),7,5,KD,-,Chn Sp,Normal,Juri
j.HP,12,6,HKD +23(+34),-,-,Normal,Juri
j.HP (FSE Chain),12,6,KD,-,Chn Sp,Normal,Juri
j.LK,4,6,-,-,-,Normal,Juri
j.LK (FSE Chain),4,6,KD,-,Chn Sp,Normal,Juri
j.MK,6,6,-,-,-,Normal,Juri
j.MK (FSE Chain),6,6,KD,-,Chn Sp,Normal,Juri
7HK or 9HK,10,6,-,-,-,Normal,Juri
j.HK (FSE Chain),10,6,KD,-,Chn Sp,Normal,Juri
8HK,10,4,-,-,-,Normal,Juri
8HK (FSE Chain),10,4,KD,-,Chn Sp,Normal,Juri
6MP,8,3,+4,-3,Sp SA,Normal,Juri
6MP (FSE Chain),8,3,+4,-3,Chn Sp SA,Normal,Juri
6MK,21,2,+2,-3,-,Normal,Juri
6MK (FSE Chain),21,2,KD +25,-3,Sp SA,Normal,Juri
6HP,15(23),3(5)3,+2,-4,Sp SA,Normal,Juri
6HP (FSE Chain),15(23),3(5)3,KD +40,-4,Chn Sp SA,Normal,Juri
4HK,10(19),3(6)3,-2,-6,Sp SA,Normal,Juri
4HK (FSE Chain),10(19),3(6)3,KD +20,-6,Chn Sp SA,Normal,Juri
5MP~4HP,12,3,KD +35,-3,TC,Normal,Juri
5MP~4HP~HP,17,3,KD +32,-16,-,Normal,Juri
214LK,10,4,KD +37,-4,SA3,Special,Juri
214MK,13,4,KD +37,-6,SA3,Special,Juri
214HK,25,4,KD +46,-8,SA3,Special,Juri
214KK,16,4,KD +45,-12,SA2 SA3,Special,Juri
236LK,16,10,-2,-8,SA3,Special,Juri
236LK (1 Stock),16,[80],+1,-3,SA3,Special,Juri
236LKMK,11,[120],KD +39,-2,SA2 SA3,Special,Juri
236MK,24,4,+3 (KD +21~23),-10,SA3,Special,Juri
236MK (1 Stock),24,4,+8 (KD +21~23),-10,SA3,Special,Juri
236LKHK,24,4,+9 (KD +56~57),-10,SA2 SA3,Special,Juri
236HK,18,4,KD +27,-11,SA3,Special,Juri
236HK,18,4(12)3,KD +37,-12,SA3,Special,Juri
236MKHK,18,4(12)3(28)5,KD +32,-16,SA2 SA3,Special,Juri
623LP,11,3(2)2,KD +37,-8,SA3,Special,Juri
623MP,5,8(5)2(3)2,KD +31,-37,-,Special,Juri
623HP,5,8(5)2(3)2,KD +28,-37(-41),-,Special,Juri
623PP,6,4(1)2(6)2(2)2,KD +5,-48,-,Special,Juri
j.214K,18,until landing,KD +34(+41),-10(-3),-,Special,Juri
j.214K~K,6,4(4)4(17)4,KD +28(+33),-,-,Special,Juri
j.214KK,16,until landing,KD +37(+44),-10(-3),-,Special,Juri
j.214KK~K,6,4(4)4(17)4,KD +50(+57),-,-,Special,Juri
5LP,4,3,+4,-1,Chn Sp SA,Normal,Ken
5MP,5,4,+4,-2,Sp SA TC,Normal,Ken
5HP,10,5,+3,-2,Sp SA,Normal,Ken
5LK,5,2,0,-2,Sp SA,Normal,Ken
5MK,8,3,+3,-5,TC,Normal,Ken
5HK,12,2,+1,-5,-,Normal,Ken
2LP,4,2,+5,-1,Chn Sp SA,Normal,Ken
2MP,6,3,+3,0,Sp SA,Normal,Ken
2HP,8,4,+3,-10,Sp SA,Normal,Ken
2LK,5,3,+1,-3,Chn,Normal,Ken
2MK,7,3,-2,-6,Sp SA,Normal,Ken
2HK,8,3,HKD +31,-10,-,Normal,Ken
j.LP,5,7,-,-,-,Normal,Ken
j.MP,6,4,-,-,Sp,Normal,Ken
j.HP,9,6,-,-,-,Normal,Ken
j.LK,6,6,-,-,-,Normal,Ken
j.mK,7,6,-,-,-,Normal,Ken
7HK or 9HK,10,7,-,-,-,Normal,Ken
8HK,6,6,-,-,-,Normal,Ken
5MP~HP,11,3,KD +28,-14,Sp SA,Normal,Ken
5MK~MK,11,2,KD +28,-12,TC,Normal,Ken
5MK~MK~HK,13,3,KD +32(30),-11(-32),-,Normal,Ken
236LP,16,-,-1,-7,SA3,Special,Ken
236MP,14,-,-3,-9,SA3,Special,Ken
236HP,12,-,-5,-11,SA3,Special,Ken
236PP,12,-,+2,-2,SA2 SA3,Special,Ken
623LP,5,10,KD +33,-23,SA3,Special,Ken
623MP,6,10,KD +33,-28,SA3,Special,Ken
623HP,7,10,KD +25,-36(-38),SA3,Special,Ken
623PP,6,10(14)10,KD +29,-40,-,Special,Ken
214LK,4,2(6)3,KD +46(+38),-14,-,Special,Ken
214MK,14,2(13)2,KD +44(+32),-12,-,Special,Ken
214HK,16,2(13)2(13)2,KD +36 (-38 cr),-12 (-42 cr),-,Special,Ken
214KK,9,4(5)3(6)3(6)3(15)3,KD +28,-61,-,Special,Ken
j.214K,11,2(5)2(6)2,KD +42(+46),-4(0),-,Special,Ken
j.214KK,11,2(1)2(2)2(2)2(3)2,+5 (+10) Front 0 (+5) Back,-5(0),-,Special,Ken
623LK,18(21),6,+2,-4,-,Special,Ken
623MK,23(25),5,+3(+4),-8(-7),-,Special,Ken
623HK,28(30),5,+3(+4),+1(+2),-,Special,Ken
623KK,9(19),2(7)6,+1(+4),-9(-6),-,Special,Ken
236LK,12,3,+1,-11,SA3,Special,Ken
236MK,16,3,+2,-7,SA3,Special,Ken
236HK,25,3,KD +42,-2,SA3,Special,Ken
236K~6LK,6,4,+3,-5,SA3,Special,Ken
236K~6MK,18,3,+3,-3,SA3,Special,Ken
236K~6HK,10,3,KD +33(+38),-3,SA3,Special,Ken
236KK,13,2,-4,-7,SA2 SA3,Special,Ken
236KK~6LK,6,3,+3,-5,SA2 SA3,Special,Ken
236KK~6MK,17,3,-3,-7,SA2 SA3,Special,Ken
236KK~6HK,10,4,KD +37,-4,SA2 SA3,Special,Ken
236KK~6LK~6K,15,3,KD +31,-12,SA2 SA3,Special,Ken
236KK~6MK~6K,11,3,KD +34,-12,SA2 SA3,Special,Ken
236KK~6HK~6K,15,3,KD +42,-20,SA2 SA3,Special,Ken
KK,11(45),-,-,-,-,Special,Ken
KK~LK,11~,-,-,-,-,Special,Ken
KK~MK,11+18,3,+3,-3,SA3,Special,Ken
KK~HK,11+10,4,+3,-4,SA,Special,Ken
KK~623P,11+8,11,KD +25,-35(-36),SA3,Special,Ken
KK~214K,11+13,"[2(2)3(2)]x4,2(5)3",+3,-9,-,Special,Ken
KK~623K,11+9(20),4(5)6,+2(+4),-8(-6),-,Special,Ken
5LP,5,2,+5,-2,Chn Sp SA TC,Normal,Kimberly
5MP,6,3,+3,-2,Sp SA TC,Normal,Kimberly
5HP,9,3,+3,-4,Sp SA,Normal,Kimberly
5LK,5,3,+1,-3,Sp SA,Normal,Kimberly
5MK,8,3,+1,-4,Sp SA,Normal,Kimberly
5HK,12,4,+7,+2,-,Normal,Kimberly
2LP,4,3,+4,-2,Chn Sp SA,Normal,Kimberly
2MP,6,3,+7,-1,Sp SA,Normal,Kimberly
2HP,8,6,+3,-2,Sp SA,Normal,Kimberly
2LK,5,3,+2,-2,Chn,Normal,Kimberly
2MK,7,3,+5,+1,-,Normal,Kimberly
2HK,8,3,HKD +31,-10,-,Normal,Kimberly
j.LP,4,10,-,-,-,Normal,Kimberly
j.MP,6,4,-,-,Sp SA2,Normal,Kimberly
j.HP,8,5,-,-,-,Normal,Kimberly
j.LK,5,10,-,-,-,Normal,Kimberly
j.MK,7,6,-,-,-,Normal,Kimberly
j.HK,9,6,-,-,-,Normal,Kimberly
j.2MP,13,until land,+4(+7),-3(0),-,Normal,Kimberly
3MK,11,10,-3(+6),-9(0),-,Normal,Kimberly
4HK,22,2,+4,-3,-,Normal,Kimberly
6HK,27,3,+1(+2),-3,Jmp,Normal,Kimberly
6HK~8,20,-,-10(-9),-22,-,Normal,Kimberly
6HK~9,20,-,-10(-9),-22,-,Normal,Kimberly
6HK~7,16,-,-10(-9),-22,-,Normal,Kimberly
5LP~MP,6,3,+1,-6,TC,Normal,Kimberly
5LP~MP~HP,12,2,KD +47,-10,TC,Normal,Kimberly
5LP~MP~HP~HK,26,3,KD +26,-12,-,Normal,Kimberly
5LP~MP~2HP,10,2,+2,-10,TC,Normal,Kimberly
5LP~MP~2HP~HK,15,3,KD +26(+45),-12,-,Normal,Kimberly
5LP~MP~2HP~2HK,15,3,KD +16,-12,-,Normal,Kimberly
5MP~HP,10,3,KD +28,-12,Sp SA,Normal,Kimberly
214LK,6,6(1)6(1)6(8)3,KD +23,-30,-,Special,Kimberly
214MK,7,6(1)6(1)6(8)3,KD +22,-32,-,Special,Kimberly
214HK,8,6(1)6(1)6(8)3,KD +21,-35,-,Special,Kimberly
214KK,6,6(1)6(1)6(1)6(1)2,KD +20,-40,SA2 (4th),Special,Kimberly
j.214K,8,2(7)2(7)2,+4(+8) KD +38(42),-1(+4),-,Special,Kimberly
j.214KK,8,2(2)3(2)2(2)3(2)2,+5(+8) KD +46(51),-1(+4),SA2,Special,Kimberly
236LP,10,3,+3(+5) (KD +30~36),-5(-3),SA3,Special,Kimberly
236MP,17,2,KD +37(+26),-12,SA3 (1st),Special,Kimberly
236HP,24,2,KD +56,-12,SA3 (1st) / Jmp,Special,Kimberly
236PP,17,2,KD +56,-12,SA2 SA3 (1st) / Jmp,Special,Kimberly
236K,8,-,-,-,-,Special,Kimberly
236K~LK,8+21,7,KD +41 (+53~56),+1,SA3,Special,Kimberly
236K~MK,8+10,12,KD +39(+50),-12(-1),SA3,Special,Kimberly
236K~HK,8+19,5,KD +23,-3,SA3,Special,Kimberly
236K~P,8+14,-,-,-,-,Special,Kimberly
236K (close),8+15,2(6)2,+3,-6,-,Special,Kimberly
236K (close)~K,8+15+13,6,KD +29(+31),-8,-,Special,Kimberly
236K (close)~P,8+15+13,6,HKD +31,-,-,Special,Kimberly
236KK,8(7),-,-,-,-,Special,Kimberly
236KK~LK,8+17,7,KD +43 (+56~60),+3,SA2 SA3,Special,Kimberly
236KK~MK,8+8,84,KD +47(+50),-10(-7),SA2 SA3 (1st),Special,Kimberly
236KK~HK,8+15,23,KD +25(+44),-1,SA2 SA3 (2nd),Special,Kimberly
236KK~P,6+13,-,-,-,-,Special,Kimberly
236KK (close),8+13,2(6)2,+3,-6,-,Special,Kimberly
236KK (close)~K,8+13+13,6,KD +43 (Wall Splat +86),-8,SA2,Special,Kimberly
236KK (close)~P,8+13+13,6,HKD +94 (OTG),-,-,Special,Kimberly
214P,19,8,-,-,-,Special,Kimberly
214PP,19,8,-,-,-,Special,Kimberly
22P (refill),42,-,-,-,-,Special,Kimberly
22PP (refill),42,-,-,-,-,Special,Kimberly
22P (1 stock),18(103),[10],KD +88,-,-,Special,Kimberly
22PP (2 stock),19(103),[10 each],KD +90-93,-,-,Special,Kimberly
j.236P,5,3,HKD +22,-,-,Special,Kimberly
j.236PP,5,3,HKD +98 OTG,-,-,Special,Kimberly
5LP,5,3,+6,-1,Chn Sp SA,Normal,Lily
5MP,9,4,+1,-4,-,Normal,Lily
5HP,11,3,0,-5,Sp SA,Normal,Lily
5LK,4,3,+5,-1,Chn Sp SA,Normal,Lily
5MK,7,3,+2,-1,Sp SA,Normal,Lily
5HK,14,4,+1,-5,-,Normal,Lily
2LP,6,3,+5,-1,Chn Sp SA,Normal,Lily
2MP,8,3,+1,-3,SA,Normal,Lily
2HP,10,24,0,-2,Sp SA (2nd),Normal,Lily
2LK,5,2,+2,-2,Chn,Normal,Lily
2MK,9,3,+1,-5,Sp SA,Normal,Lily
2HK,11,2(6)2,HKD +32,-12,-,Normal,Lily
j.LP,5,9,+6(+9),+2(+5),-,Normal,Lily
j.MP,9,4,+5(+11),+1(+7),TC,Normal,Lily
j.HP,10,6,+6(+15),+2(+11),-,Normal,Lily
j.LK,6,6,+4(+10),0(+6),-,Normal,Lily
j.MK,8,5,+7(+13),+3(+9),-,Normal,Lily
j.HK,11,6,+10(+15),+4(+9),-,Normal,Lily
6HP,18,2,+1,-5,TC Sp SA,Normal,Lily
4HP,14,4,+5,-2,Sp SA,Normal,Lily
3HP,25,3,+2,-3,-,Normal,Lily
j.2HP,9,11,+11(+15),+7(+11),-,Normal,Lily
6HP~HP,20,2,0,-9,TC,Normal,Lily
6HP~HP~HP,20,5,KD +23,-26,-,Normal,Lily
j.MP~MP,10,3,-,-,SA2,Normal,Lily
214LP,46(71/90),-,-,-,-,Special,Lily
214MP (HOLD OK),23(4),4,+2,-8,SA3,Special,Lily
214HP (HOLD OK),25(4),4,KD +30,-8,SA3*,Special,Lily
214PP (HOLD OK),19(4),4,KD +39,-5,SA2 SA3*,Special,Lily
214[PP],38,-,-,-,-,Special,Lily
236LK,17,13,KD +33(+45),-8(+4),-,Special,Lily
236MK,21,13,KD +37(+49),-8(+4),-,Special,Lily
236HK,25,13,KD +37(+49),-8(+4),-,Special,Lily
236KK,15,13,KD +42(+54),-8(+4),SA2,Special,Lily
236LK (Windclad),9,"5(6)11,7",KD +47(+46~52),+1(+7),-,Special,Lily
236MK (Windclad),13,"5(6)11,7",KD +49(+47~53),+1(+7),-,Special,Lily
236HK (Windclad),17,"5(6)11,7",KD +52(+50~56),+1(+7),-,Special,Lily
236KK (Windclad),9,1437,KD +56(+62),+2(+8),SA2,Special,Lily
623LP,6,11,KD +36(+41),-27,-,Special,Lily
623MP,8,12,KD +36(+42),-32,-,Special,Lily
623HP,10,13,KD +36(+41),-35,-,Special,Lily
623PP,6,39,KD +32(+37),-35,j.PPP (hit),Special,Lily
623LP (Windclad),4,49,KD +41(+43),-25,-,Special,Lily
623MP (Windclad),6,410,KD +41(+43),-30,-,Special,Lily
623HP (Windclad),8,412,KD +41(+43),-33,-,Special,Lily
623PP (Windclad),4,2210,KD +33(+38),-35,j.PPP (hit),Special,Lily
j.PP,12,11(17),KD +32(+37),-24(-19),-,Special,Lily
j.PPP,12,10(14),KD +40(+46),-24(-19),-,Special,Lily
j.PP (Windclad),12,11(17),KD +33(+38),-24(-19),-,Special,Lily
j.PPP (Windclad),12,10(14),KD +41(+47),-24(-19),-,Special,Lily
360+LP,5,3,HKD +28,-,-,Special,Lily
360+MP,5,3,HKD +28,-,-,Special,Lily
360+HP,5,3,HKD +28,-,-,Special,Lily
360+PP,5,3,HKD +28,-,-,Special,Lily
5LP,7,2,+2,-3,Sp SA TC,Normal,Luke
5MP,9,4,+2,-3,SA TC,Normal,Luke
5HP,10,3,-1,-6,Sp SA,Normal,Luke
5LK,5,2,+3,-2,Sp SA,Normal,Luke
5MK,7,3,+1,-3,-,Normal,Luke
5HK,10,6,+2(+7),-5(0),-,Normal,Luke
2LP,4,2,+4,-2,Chn Sp SA,Normal,Luke
2MP,6,2,+5,+1,Sp SA,Normal,Luke
2HP,7,5,+1,-13,Sp SA,Normal,Luke
2LK,5,3,-1,-5,Chn,Normal,Luke
2MK,8,3,-2,-6,Sp SA TC,Normal,Luke
2HK,10,3,HKD +28,-9,-,Normal,Luke
j.LP,5,9,-,-,-,Normal,Luke
j.MP,9,4,-,-,Sp,Normal,Luke
j.HP,9,6,-,-,-,Normal,Luke
j.LK,6,6,-,-,-,Normal,Luke
j.MK,7,6,-,-,-,Normal,Luke
j.HK,10,6,-,-,-,Normal,Luke
6MP,21,2,+2,-3,-,Normal,Luke
4HP,16,3,+3,-3,Sp SA,Normal,Luke
4HK,12,4,+4,-5,-,Normal,Luke
6HP,16,3,+3,-3,TC,Normal,Luke
5LP~MP,8,4,-2,-9,TC,Normal,Luke
5LP~MP~HP,10,3,KD +27,-14,Sp SA,Normal,Luke
5MP~MP,12,2,0,-8,SA,Normal,Luke
5MP~MP~MP,11,2,-6,-14,TC,Normal,Luke
5MP~MP~MP~MP,11,2,KD +33,-12,-,Normal,Luke
6HP~6HP,11,2,KD +20,-19,Sp SA,Normal,Luke
2MK~2HP,9,3,+1,-8,-,Normal,Luke
236LP,14,[5],-3,-8,SA3,Special,Luke
236MP,17,[7],0,-5,SA3,Special,Luke
236HP,20,[10],+3,-2,SA3,Special,Luke
236PP,16,-,KD +41,-2,SA2 SA3,Special,Luke
236PP~PP,12,-,KD +48,-21,-,Special,Luke
623LP,5,10,KD +28,-27,SA3,Special,Luke
623MP,6,10,KD +28,-29,SA3,Special,Luke
623HP,9,10,KD +29,-33,SA3,Special,Luke
623PP,6,37,KD +25,-40(-43),-,Special,Luke
623PP~PP,16,3,KD +14,-,-,Special,Luke
214LP,13,3,KD +32,-18,SA3,Special,Luke
214[LP],26,22,KD +54,-8,SA3,Special,Luke
pf.214[LP],26,22,KD +56,-8,SA3,Special,Luke
214MP,19,3,+3,-10,SA3,Special,Luke
214[MP],30,22,KD +54(+67),-3,SA3,Special,Luke
pf.214[MP],29,22,KD +53(+66),-3,SA3,Special,Luke
214HP,22,3,KD +42(+31),-4,SA3,Special,Luke
214[HP],33,22,KD +63,+4,SA3,Special,Luke
pf.214[HP],33,22,KD +63,+4,SA3,Special,Luke
214PP,15,3,KD +52,-22,SA2 SA3,Special,Luke
214PP~PP,1,-,HKD +12,-,-,Special,Luke
j.214P,14,5,KD ~,-12(+3),-,Special,Luke
j.214[P],23,6,KD ~,-30(-21),-,Special,Luke
j.214PP,14,6,KD ~,-33(-21),-,Special,Luke
236K,12,-,-,-,-,Special,Luke
236K~P,12+12,7,KD +32(+38),-6(0),SA3,Special,Luke
236K~K,12+13,8,KD +30(+35),-8(-3),-,Special,Luke
236KK,11,[33],-,-,-,Special,Luke
236KK~P,11+12,7,KD +32(+38),-6(0),SA2 SA3,Special,Luke
236KK~K,11+13,8,KD +38(+43),-5(0),-,Special,Luke
5LP,4,3,+4,-1,Chn Sp SA,Normal,Manon
5MP,7,4,+2,-1,Sp SA TC,Normal,Manon
5HP,10,4,0,-3,SA TC,Normal,Manon
5LK,5,2,+2,-2,Sp SA,Normal,Manon
5MK,10,3,-2,-5,Sp SA,Normal,Manon
5HK,15,3,-2,-6,-,Normal,Manon
2LP,4,2,+3,-2,Chn Sp SA,Normal,Manon
2MP,7,3,+6,-1,Sp SA,Normal,Manon
2HP,10,5,-2,-8,TC,Normal,Manon
2LK,5,2,-1,-5,Chn,Normal,Manon
2MK,8,4,+3,-2,-,Normal,Manon
2HK,11,2,HKD +29,-12,-,Normal,Manon
j.LP,5,10,-,-,-,Normal,Manon
j.MP,8,4,-,-,-,Normal,Manon
j.HP,9,4,-,-,-,Normal,Manon
j.LK,6,9,-,-,-,Normal,Manon
j.MK,7,6,-,-,-,Normal,Manon
j.HK,11,5,-,-,-,Normal,Manon
4MK,10,4,-1,-3,TC,Normal,Manon
4HP,8,6,+3,+1,Sp SA,Normal,Manon
3HK,11,9,KD +26,-23,-,Normal,Manon
5MP~MK,10,2,+2,-5,-,Normal,Manon
4MK~MK,14,5,-3,-11,Sp SA,Normal,Manon
5HP~HP,5,2,+3,-8,-,Normal,Manon
2HP~HP,4,4,+1 (KD +17~19),-10,-,Normal,Manon
63214LP,10,2,HKD +19,-,-,Special,Manon
63214MP,8,2,HKD +19,-,-,Special,Manon
63214HP,5,2,HKD +19,-,-,Special,Manon
63214PP,8,2,HKD +19,-,-,Special,Manon
236LK,9,3(2)2,KD +31,-15,SA3*,Special,Manon
236MK,11,3(3)3,KD +34,-14,SA3*,Special,Manon
236HK,14,3(3)3,KD +37,-11,SA3,Special,Manon
236KK,8,4(2)3,KD +45,-19,SA2 SA3,Special,Manon
214LK,16,2(10)4,KD +21,-24,-,Special,Manon
214MK,16,4(14)6,KD +33,-13,-,Special,Manon
214HK,20(21),3,+3,-9,-,Special,Manon
214KK,22(23),3,+6(+7),-3,-,Special,Manon
236LP,22,2,HKD +15,-23,SA3 (1st),Special,Manon
236MP,25,2,HKD +15,-20,SA3 (1st),Special,Manon
236HP,29,2,HKD +15,-16,SA3 (1st),Special,Manon
236PP,25,2,HKD +15,-20,-,Special,Manon
236[P],-,-,-,-,-,Special,Manon
236[PP],-,-,-,-,-,Special,Manon
236P~K,(16/17/18)+11,6,KD +51(+56),-5(0),SA3,Special,Manon
236PP~K,15+10,6,KD +58(+63),-12(-7),SA2 SA3,Special,Manon
5LP,6,3,0,-2,TC,Normal,Marisa
5MP,7,4,+2,-1,TC,Normal,Marisa
5HP,12,2,+3,-3,TC,Normal,Marisa
5[HP],26(5),2,+7,+4,TC,Normal,Marisa
5LK,6,2,0,-2,Sp SA,Normal,Marisa
5MK,11,4,+4,-2,-,Normal,Marisa
5HK,15,2,+1,-3,-,Normal,Marisa
5[HK],27(10),2,KD +36,+1,-,Normal,Marisa
2LP,4,2,+3,-3,Chn Sp SA,Normal,Marisa
2MP,8,3,+3,-2,Sp SA,Normal,Marisa
2HP,9,5,KD +35,-6,-,Normal,Marisa
2[HP],21(4),6,KD +52,-3,-,Normal,Marisa
2LK,5,3,0,-3,Chn,Normal,Marisa
2MK,9,3,+2,-2,-,Normal,Marisa
2HK,11,3,HKD +29,-11,-,Normal,Marisa
2[HK],23(4),3,HKD +35,-3,-,Normal,Marisa
j.LP,4,7,-,-,-,Normal,Marisa
j.MP,7,4,-,-,TC,Normal,Marisa
j.HP,10,7,-,-,-,Normal,Marisa
j.[HP],28(5),6,HKD +66(+72),+9(+15),-,Normal,Marisa
j.LK,5,10,-,-,-,Normal,Marisa
j.MK,8,8,-,-,-,Normal,Marisa
j.HK,10,7,-,-,-,Normal,Marisa
j.[HK],29(3),6,HKD +67(+72),+10(+15),-,Normal,Marisa
6MP,10,2,+2,-3,TC,Normal,Marisa
4HP,8,2,+3,-1,Sp SA,Normal,Marisa
4[HP],20(3),2,+13,+4,Sp SA,Normal,Marisa
3HP,21,2,0,-3,TC,Normal,Marisa
3[HP],31(14),2,+5,+2,TC,Normal,Marisa
6HK,14,4,0,-3,Sp SA TC,Normal,Marisa
6[HK],27(4~7),4,+10,+3,Sp SA TC,Normal,Marisa
nj.2HP,9,9,-,-,-,Normal,Marisa
nj.2[HP],28(4),9,HKD +68(+72),+11(+15),-,Normal,Marisa
5LP~LP,14,3,-3,-6,Sp SA,Normal,Marisa
5MP~MP,14,2,-3,-8,Sp SA,Normal,Marisa
5HP~HP,24,3,KD +35,+2,-,Normal,Marisa
6MP~HP,11,2,KD +31,-12,-,Normal,Marisa
6MP~HK,11,4,KD +39 / (-21),-10(-26),SA,Normal,Marisa
3HP~3HP,18,2,-3,-12,-,Normal,Marisa
6HK~6HK,16,5,KD +40,-12,-,Normal,Marisa
j.MP~MP,10,3,-,-,-,Normal,Marisa
236LP,17,4,KD +36,-5,SA3,Special,Marisa
236[LP],30,4,HKD +40,+4,SA3 (1st),Special,Marisa
236MP,19,4,KD +36,-5,SA3,Special,Marisa
236[MP],35,4,HKD +40,+4,SA3 (1st),Special,Marisa
236HP,22,4,KD +36,-5,SA3,Special,Marisa
236[HP],41,4,HKD +40,+4,SA3 (1st),Special,Marisa
236PP,19,4,KD +36,-2,SA2 SA3,Special,Marisa
236[PP],35,4,HKD +40,+4,SA2 SA3 (1st),Special,Marisa
214LP,12,4,-3,-16,SA3,Special,Marisa
214MP,16,4,0,-16,SA3,Special,Marisa
214HP,22,4,KD +38,-16,SA3,Special,Marisa
214PP,16,4,KD +42,-12,SA2 SA3,Special,Marisa
214LP~6P,13,5,KD +31,-,-,Special,Marisa
214MP~6P,13,5,KD +36,-,-,Special,Marisa
214HP~6P,18,5,KD +56 Bounce,-,-,Special,Marisa
214PP~6P,13,5,KD +58 Bounce,-,-,Special,Marisa
623LP,25,3,KD +42(43),+2(3),-,Special,Marisa
623MP,28,3,KD +42(43),+2(3),-,Special,Marisa
623HP,32,3,KD +42(43),+2(3),-,Special,Marisa
623PP,28,3,KD +70 Tumble (HKD +138 Wall Splat),+4(5),-,Special,Marisa
236LK,20,4,KD +35,-6,SA3,Special,Marisa
236MK,24,4,KD +37,-4,SA3,Special,Marisa
236HK,29,4,KD +37,-3,SA3,Special,Marisa
236KK,24,4,KD +50(68) Wall Splat,-6,SA2 SA3,Special,Marisa
214K,3(8),26(116),-,-,-,Special,Marisa
214KK,1,28(58),-,-,-,Special,Marisa
214K,7,4,-1,-3,-,Special,Marisa
214KK,7,4,-1,-5,-,Special,Marisa
214K~P,8+15(16),3,+1,-3,TC,Special,Marisa
214K~P~P,20,3,KD +31,-21,-,Special,Marisa
214K~K,8+16,3,HKD +22,-24,-,Special,Marisa
214K~LPLK,8+5,3,HKD +18,-,-,Special,Marisa
5LP,4,2,+4,-1,Chn Sp SA,Normal,Rashid
5MP,6,3,+5,+1,TC Sp SA,Normal,Rashid
5HP,9,3,+1,-4,Sp SA,Normal,Rashid
5LK,4,3,+3,-1,Sp SA,Normal,Rashid
5MK,8,3,+6,-3,-,Normal,Rashid
5HK,13,8,-1,-5,-,Normal,Rashid
2LP,5,3,+5,-1,Chn Sp SA,Normal,Rashid
2MP,6,4,+4,+1,Sp SA,Normal,Rashid
2HP,12,3,+5,-6,SA,Normal,Rashid
2LK,5,3,+3,-1,Chn,Normal,Rashid
2MK,7,3,-1,-5,Sp SA,Normal,Rashid
2HK,9,3,HKD +31,-11,-,Normal,Rashid
j.LP,4,5,-,-,-,Normal,Rashid
j.MP,9,5,-,-,Sp,Normal,Rashid
j.HP,8,4(2)3,-,-,-,Normal,Rashid
j.LK,5,5,-,-,-,Normal,Rashid
j.MK,7,6,-,-,-,Normal,Rashid
j.HK,10,5,-,-,-,Normal,Rashid
6MP,8(24),2(14)2,+1,-3,Sp SA (1st),Normal,Rashid
6HP,22,3,+3,-3,-,Normal,Rashid
6HK,16,4,+2(+5),-3(0),-,Normal,Rashid
j.2HP,10,5,-9(-1),-29(-21),Sp,Normal,Rashid
j.8HK,8,5,-,-,-,Normal,Rashid
6[6]~6P,20+8,10,+7,-10(-1),"SA (2nd, on hit)",Normal,Rashid
6[6]~6K,20+16,2(4)3,+3,-4,SA (2nd),Normal,Rashid
6[6]~6K (Air Current),20+9,3(21)2(3)3,KD +56 OTG / KD +22,-5,SA (3rd),Normal,Rashid
5MP~HK,13,4,KD +42,-20,Sp SA,Normal,Rashid
9 (against wall),-,-,-,-,-,Special,Rashid
6[6],20,-,-,-,-,Special,Rashid
6KK,32 total,-,-,-,-,Special,Rashid
6KK~KK,18+51 total,-,-,-,-,Special,Rashid
236LP,8,3(5)2(4)2,+2,-3,SA3 (1st),Special,Rashid
236LP (Air Current),6,2(4)3(3)3(4)3(3) 3(4)3(3)3(4)3(3)3,+4,+2,SA3 (1st),Special,Rashid
236MP,8,"1,2(2)2(5)2(3)2",KD +31,-45(-49),"SA3, (Sp/SA land)",Special,Rashid
236MP (Air Current),5,"1,2(2)2(4)2(3)2(6) 2(3)2(5)2(3)2(5)2(3)2",KD +42,-78(-83),SA3,Special,Rashid
236HP,6,2(2)3(3)3(4) 3(4)3(4)3,KD +33,-55,-,Special,Rashid
236HP (Air Current),5,2(2)3(3)3(4)3(3) 3(2)3(2)3(2)3(3)3,KD +27,-83,-,Special,Rashid
236PP,6,"1,2(2)3(2)4(2) 4(2)4(2)4(2)4(2)3",KD +25,-42(-48),-,Special,Rashid
236PP (Air Current),4,"1,2(2)3(2)4(2)4(2) 4(2)4(2)4(2)4(2)4",KD +47,-72(-84),Sp* (air),Special,Rashid
214LK,15,13,KD +30(+42),-36,SA3 (hit),Special,Rashid
214LK (Air Current),14,13,KD +35(+47),-24,SA3 (on hit),Special,Rashid
214MK,21,13,KD +52(+64),-36,-,Special,Rashid
214MK (Air Current),17,15,KD +59,-15,-,Special,Rashid
214HK,26,13,KD +56(+68),-36,-,Special,Rashid
214HK (Air Current),17,15,KD +59,-15,-,Special,Rashid
214KK,21,13,KD +53(+65),-36,-,Special,Rashid
214KK (Air Current),18,14,KD +53(+65),-24,-,Special,Rashid
236K,11+6,-,-1,-9,SA3,Special,Rashid
236{K},28+6,-,+5,0,SA3,Special,Rashid
236[K],53,-,+16,+8,SA3,Special,Rashid
236KK,17,-,KD +49,-2,SA2 SA3,Special,Rashid
236[KK],44,-,KD +65,+10,SA2 SA3,Special,Rashid
214LP,15,3(1)15,+2,-6,SA3,Special,Rashid
214MP,20,3(1)15,+4,-4,SA3,Special,Rashid
214HP,27,3(1)15,KD +40,-2,SA3,Special,Rashid
214PP,20,3(1)29,KD +49,-10,SA2 SA3,Special,Rashid
214P~4K,32,-,-,-,-,Special,Rashid
214P~6K,-,-,-,-,-,Special,Rashid
214P~6K~K,17,3,KD +44,-9,SA3,Special,Rashid
j.214LK,13(14),9,KD +16(+18)~,-32(-35),-,Special,Rashid
j.214MK,18(19),9,KD +18(+20)~,-35(-38),-,Special,Rashid
j.214HK,21(22),9,KD +20(+22)~,-43(-46),-,Special,Rashid
j.214KK,13(14),9,KD +34(+35)~,-25(-29),-,Special,Rashid
5LP,4,3,+4,-1,Chn Sp SA,Normal,Ryu
5MP,6,4,+7,-1,Sp SA TC,Normal,Ryu
5HP,10,5,+4,-2,Sp SA TC,Normal,Ryu
5LK,5,3,+2,-4,Sp SA,Normal,Ryu
5MK,9,3,+4,-4,-,Normal,Ryu
5HK,12,4,+9,+1,-,Normal,Ryu
2LP,4,2,+4,-1,Chn Sp SA,Normal,Ryu
2MP,6,4,+5,0,Sp SA,Normal,Ryu
2HP,9,6,+1,-7,Sp SA,Normal,Ryu
2LK,5,2,+3,-3,Chn,Normal,Ryu
2MK,8,3,+1,-6,Sp SA,Normal,Ryu
2HK,9,3,HKD +32,-12,-,Normal,Ryu
j.LP,4,10,≤ +9,≤ +5,-,Normal,Ryu
j.MP,8,23,"≤ +11,+12 (≤ +13)","≤ +7,+8 (≤ +9)",Sp,Normal,Ryu
j.HP,9,6,≤ +15,≤ +11,-,Normal,Ryu
j.LK,6,10,≤ +9,≤ +6,-,Normal,Ryu
j.MK,7,6,≤ +13,≤ +9,-,Normal,Ryu
j.HK,12,8,≤ +15,≤ +11,-,Normal,Ryu
6MP,20,13,+3,-1,-,Normal,Ryu
6HP,20,23,+6,+3,-,Normal,Ryu
4HP,7,4,+1,-13,Sp SA,Normal,Ryu
4HK,10(20),5(5)3,0,-4,Sp SA,Normal,Ryu
6HK,16,4,+2,-4,Sp*,Normal,Ryu
5MP~LK,5,3,+1,-4,TC,Normal,Ryu
5MP~LK~HK,17,4,KD +36,-8,-,Normal,Ryu
5HP~HK,9,4,KD +36,-8(-18),-,Normal,Ryu
236LP,16,-,+1,-5,SA3,Special,Ryu
236MP,14,-,-1,-7,SA3,Special,Ryu
236HP,12,-,-3,-9,SA3,Special,Ryu
236PP,12,-,KD +54,-1,SA2 SA3,Special,Ryu
236HP,12,-,KD +52,-3,SA3,Special,Ryu
236PP,12,-,KD +57,+2,SA2 SA3,Special,Ryu
623LP,5,10,KD +38,-23,SA3,Special,Ryu
623MP,6,10,KD +34,-32,SA3,Special,Ryu
623HP,7,10,KD +29,-39,SA3,Special,Ryu
623PP,6,28,KD +29,-40,-,Special,Ryu
214LK,12,3,KD +35,-15,-,Special,Ryu
214MK,14,2(13)2,KD +23(+38),-13(-28),-,Special,Ryu
214HK,16,2(13)2(13)2,KD +20(+35)(+50),-13(-28)(-43),-,Special,Ryu
214KK,13,2(4)2(4)2(3)2(4)2,KD +57,-14(-32),-,Special,Ryu
j.214K,11,2(5)2(6)2,KD +46(+52),-6(+3),-,Special,Ryu
j.214KK,11,2(1)3(1)3(1)3(2)2,KD +45(+51),-29(-32),-,Special,Ryu
236LK,14,6,KD +42,-11,SA3,Special,Ryu
236MK,18,9,KD +40,-8,SA3,Special,Ryu
236HK,29,9,KD +45,-5,SA3,Special,Ryu
236KK,17,5,Wall Bounce +49(65),-18,SA2 SA3,Special,Ryu
214LP,12,6,+2,-3,SA3,Special,Ryu
214MP,19,6,+2,-6,SA3,Special,Ryu
214HP,30,6,KD +61 Spin,+2,SA3,Special,Ryu
214PP,18,6,+3,+3,SA2 SA3,Special,Ryu
214HP,20,6,KD +62 Spin,+3,SA3,Special,Ryu
214PP,18,6,KD +87 Crumple,+4,SA2 SA3,Special,Ryu
22P,50,-,-,-,-,Special,Ryu
5LP,7(4),3,+4,+2,Chn Sp SA,Normal,Zangief
5MP,9,4,+2,-2,TC,Normal,Zangief
5HP,(6~22)+10,3,+3,-3,-,Normal,Zangief
5[HP],32,3,KD +40,+3,-,Normal,Zangief
5LK,7,2,-2,-4,Sp SA,Normal,Zangief
5MK,10,4,+1,-4,-,Normal,Zangief
5HK,13,4,+3,+1,-,Normal,Zangief
2LP,6(3),2,+6,+1,Chn Sp SA,Normal,Zangief
2MP,8,3,+3,-1,Sp SA,Normal,Zangief
2HP,11,9,KD +20,-20,-,Normal,Zangief
2LK,4(3),3,0,-3,Chn,Normal,Zangief
2MK,9,3,+3,-2,-,Normal,Zangief
2HK,12,3,HKD +32,-13,-,Normal,Zangief
j.LP,5,7,+11,+8,-,Normal,Zangief
j.MP,8,5,+10 (+14),+7 (+11),-,Normal,Zangief
j.HP,9,6,+15 (+21),+7 (+13),-,Normal,Zangief
j.LK,5,10,+2 (+11),-1 (+8),-,Normal,Zangief
j.MK,8,8,+6 (+14),+3 (+11),-,Normal,Zangief
j.HK,10,7,+12 (+15),+8 (+11),-,Normal,Zangief
j.[HK],32,6,Wall Splat +1(+33),-30(-43),-,Normal,Zangief
3MP,7,3,-1,-3,Sp SA,Normal,Zangief
6MK,14,7,+1(+7),-3(+3),-,Normal,Zangief
6HP,14,5,+7,+4,Sp SA,Normal,Zangief
6HK,22(24),7(5),KD +28(+30),-9(-5),-,Normal,Zangief
3HK,16,4,KD +21,-18,-,Normal,Zangief
22MK,9,3,+4,-3,TC,Normal,Zangief
j.2HP,9,9,+14 (+18),+10 (+14),-,Normal,Zangief
j.8HP,8,4,+18 (+21),+13 (+16),Sp,Normal,Zangief
5MP~MP,9,4,+2,-6,TC,Normal,Zangief
5MP~MP~MP,15,3,KD +27,-17,-,Normal,Zangief
22MK~MK,9,3,-3,-4,TC Sp SA,Normal,Zangief
22MK~MK~MK,10,3,-2,-10,Sp SA,Normal,Zangief
PP,15,2(3)2(4)2(8)2(6)2,KD +27(+56),-12(-41),SA3,Special,Zangief
PPP,12,2(2)2(3)2(6)2(4)2,KD +38(+57),-11(-30),SA2 SA3 (1st),Special,Zangief
360+LP,5,3,HKD +30,-,-,Special,Zangief
360+MP,5,3,HKD +28,-,-,Special,Zangief
360+HP,5,3,HKD +28,-,-,Special,Zangief
360+PP,5,3,HKD +28,-,-,Special,Zangief
j.360+K,4,3,HKD +19,-,-,Special,Zangief
j.360+KK,4,3,HKD +19,-,-,Special,Zangief
63214K (Close),10,2,HKD +26,-,-,Special,Zangief
63214KK (Close),10,2,HKD +27,-,-,Special,Zangief
63214K (Mid),28,2,HKD +29,-,-,Special,Zangief
63214KK (Mid),23,2,HKD +29,-,-,Special,Zangief
63214K (Far),55(81),2,HKD +29,-,-,Special,Zangief
63214KK (Far),54(81),2,HKD +29,-,-,Special,Zangief
22HK,6,50,HKD +5,-,-,Special,Zangief
